Hectare	Shift	Date	Anonymized Sighter	Sighter Observed Weather Data	Litter	Litter Notes	Other Animal Sightings	Hectare Conditions	Hectare Conditions Notes	Number of sighters	Number of Squirrels	Total Time of Sighting
01A	AM	10072018	110.0	70º F, Foggy	Some		Humans, Pigeons	Busy		1	4	22.0
01A	PM	10142018	177.0	54º F, overcast	Abundant		Humans, Pigeons	Busy		1	7	26.0
01B	AM	10122018	11.0	60º F, sunny	Some		Humans, Dogs, Pigeons, Horses	Busy		1	17	23.0
01B	PM	10192018	109.0	59.8º F, Sun, Cool	Some		Humans, Dogs, Pigeons, Sparrow, Blue jay	Busy		1	10	35.0
01C	PM	10132018	241.0	55° F, Partly Cloudy			Humans, Dogs, Pigeons, Birds	Busy		1	10	25.0
01D	AM	10062018	250.0	66º F, cloudy, light drizzle	Some		Humans	Calm		1	9	35.0
01E	AM	10062018	218.0	65º F approx, misty	Some		Humans	Calm		1	5	26.0
01F	AM	10102018	123.0	74º F, Partly cloudy, no wind			Humans, Dogs, Ducks	Calm		1	5	20.0
01F	PM	10192018	241.0	59º F, Clear			Humans, Dogs, Pigeons, Birds	Busy		1	3	24.0
01G	PM	10102018	151.0	77º F, Warm, sunny, humid			Humans, Dogs, Cats, Raccoons	Busy		1	3	28.0
01G	AM	10062018	232.0	64º F, cloudy, light drizzle			Humans, Dogs, Pigeons, Ducks, Bluejay, Sparrow, Starling	Busy		1	4	25.0
01H	PM	10132018	27.0	56° F, Cloudy			Humans	Busy		1	2	28.0
01H	AM	10122018	224.0	59º F, mostly sunny, windy	Some		Humans, Pigeons, Small birds	Busy		1	2	27.0
01I	AM	10072018	8.0	71º F, Cloudy	Some		Humans, Dogs, Pigeons, Horses	Calm		1	0	28.0
02A	AM	10102018	66.0	73º F, Cloudy, 85% humidity	Abundant		Humans, Dogs	Busy		1	9	25.0
02A	PM	10192018	109.0	55º F, Sun	Some		Humans, Dogs, Pigeons, Downy Woodpecker, Sparrows	Calm		1	6	30.0
02C	AM	10102018	66.0	70º F			Humans, Small birds	Busy		1	9	25.0
02D	AM	10072018	116.0	71º F, cloudy			Humans, Dogs	Calm		1	6	25.0
02D	PM	10122018	134.0	61º F, sunny			Humans	Busy		1	2	35.0
02E	AM	10102018	167.0	73º F			Humans, Hawks, Dogs	Calm		1	7	20.0
02E	PM	10142018	177.0	58º F, overcast	Some		Humans, Dogs	Busy		1	5	22.0
02F	AM	10062018	126.0	64º F, slight wind, dew point 59, misty	Some		Humans, Dogs	Calm		1	5	25.0
02G	AM	10102018	60.0	73º F, Overcast			Humans, Dogs	Busy		1	4	20.0
02G	PM	10072018	119.0	80º F, Humid. Party. Cloudy.			Humans, Pigeons, Mice	Calm		1	3	22.0
02H	AM	10062018	116.0	65º F, cloudy			Humans, Pigeons, Ducks, Geese			1	3	22.0
02H	PM	10062018	196.0	67º F, Cloudy, mist-rain	Some		Humans, Dogs	Busy		1	2	30.0
02I	AM	10062018	56.0	65º F, overcast	Some		Humans, Pigeons	Busy		1	2	28.0
02I	PM	10062018	134.0							1	2	20.0
03A	PM	10172018	241.0	60º F, mostly cloudy			Humans, Dogs, Birds	Calm		1	8	25.0
03B	PM	10072018	231.0	80º F, Cloudy. Humid	Some		Humans, Dogs	Busy		1	11	15.0
03C	AM	10072018	116.0	71º F, Cloudy			Humans, Dogs	Calm		1	2	20.0
03C	PM	10082018	134.0	62º F, overcast	Some		Humans, Dogs	Busy		1	2	30.0
03D	AM	10062018	121.0	64º F, overcast, moist	Some		Humans, Dogs, Pigeons, Birds	Busy		1	8	35.0
03D	PM	10102018	241.0	77º F, Sunny, humid			Humans, Dogs, Birds	Busy		1	14	31.0
03E	AM	10062018	28.0	cloudy, slight drizzle	Some		Humans, Dogs (off-leash)	Calm		1	8	23.0
03E	PM	10082018	158.0	65º F, overcast			Humans	Busy		1	9	25.0
03F	AM	10062018	93.0	66º F, overcast			Humans, Birds	Calm		1	14	46.0
03G	AM	10082018	114.0	67º F, overcast	Some		Humans, Dogs, Pigeons	Moderate	kinde (sic)	1	3	20.0
03G	PM	10132018	224.0	"57° F, Cloudy to Partly Cloudy, ""Crisp"""	Some		Humans, Dogs, Ducks, Cardinal, Small birds, Robin	Busy		1	3	39.0
03H	AM	10082018	114.0	67º F, overcast			Humans, Dogs, Pigeons	Calm		1	6	23.0
03I	PM	10132018	27.0	56° F, Partly Cloudy	Some		Humans, Pigeons	Busy		1	8	25.0
03I	AM	10102018	123.0	74º F, Partly cloudy, minimal wind			Humans, Dogs, Pigeons	Busy		1	5	20.0
04A	AM	10072018	110.0	70º F, Foggy			Humans, Dogs, Birds, but not pigeons	Calm		1	5	22.0
04A	PM	10072018	231.0	80º F, Cloudy. Humid	Some		Humans, Dogs	Busy		1	6	20.0
04B	PM	10182018	109.0	48º F, Sun			Humans, Dogs	Busy		1	5	
04B	AM	10102018	167.0	70º F Partly cloudy	Abundant		Humans, Dogs	Busy		1	6	25.0
04C	PM	10102018	217.0	77º F, Mostly sunny, humid			Humans, Dogs, Sparrows	Busy		1	17	20.0
04D	AM	10122018	11.0	60º F, partly cloudy			Humans, Dogs, Blue Jays	Busy		1	4	25.0
04D	PM	10082018	134.0	65º F, overcast	Some		Humans	Calm		1	14	65.0
04E	AM	10202018	145.0	55º F, Cloudy			Humans, Dogs, Small birds, Dogs	Busy		1	4	24.0
04E	PM	10082018	158.0	65º F, overcast						1	8	29.0
04F	AM	10072018	8.0	71º F, Coudy. Misty. Rain.	Some		Humans, Dogs	Calm		1	0	23.0
04G	PM	10072018	133.0	77º F, Sunny	Some		Humans	Busy		1	1	36.0
04H	PM	10062018	134.0	65º F, Very Overcast			Humans	Busy		1	2	31.0
04H	AM	10062018	168.0	64º F, overcast	Some		Humans, Dogs, Birds, Song birds and Crows	Busy		1	4	45.0
04I	AM	10062018	34.0	65º F, overcast, misty	Some		Humans, Dogs, Pigeons, Rat	Busy		1	3	42.0
04I	PM	10072018	134.0	77º F, Sunny	Some		Humans	Busy		1	3	31.0
05A	AM	10062018	61.0	64º F			Humans, Dogs	Busy		1	5	50.0
05A	PM	10102018	241.0	77º F, Mostly Sun, humid			Humans, Dogs, Birds	Calm		1	4	23.0
05B	AM	10082018	163.0	66º F, overcast	Some		Humans, Dogs	Busy		1	4	26.0
05B	PM	10132018	241.0	55° F, Partly Cloudy			Humans, Dogs, Birds	Busy		1	6	25.0
05C	AM	10062018	169.0	64º F, cloudy, light rain	Some		Humans, Dogs, Sparrows, Starlings, American robins	Calm		1	7	25.0
05C	PM	10102018	217.0	77º F, Mostly sunny			Humans, Dogs	Busy		1	13	20.0
05D	PM	10182018	109.0	48º F, Sunny			Humans, Dogs, Sparrows, Robin	Moderate		1	7	20.0
05D	AM	10202018	145.0	55º F, Cloudy			Humans, Dogs, Other birds	Calm		1	4	23.0
05E	PM	10122018	134.0	61º F, sunny			Humans	Busy		1	6	44.0
05E	AM	10082018	163.0	66º F, overcast, misty	Some		Humans, Hawks, Dogs	Busy		1	10	34.0
05F	AM	10072018	17.0	71º F, Cloudy	Some		Humans, Dogs, Pigeons	Busy		1	6	25.0
05F	PM	10072018	119.0	80º F, Humid. Cloudy.			Humans, Dogs, Pigeons, Tourists	Busy		1	6	22.0
05G	PM	10102018	151.0	77º F Sunny humid			Dogs	Busy		1	5	20.0
05G	AM	10062018	230.0	64º F, cloudy, misty			Humans, little Birds	Busy		1	1	20.0
05H	AM	10072018	17.0	70º F, Cloudy			Humans, Dogs	Calm		1	1	25.0
05H	PM	10062018	196.0	67º F, Cloudy, misting	Abundant		Humans	Busy		1	0	30.0
05I	AM	10102018	60.0	74º F			Humans, Dogs	Busy		1	6	20.0
05I	PM	10082018	96.0	65º F, dark and damp, drizzling			Humans, Dogs, Pigeons	Calm		1	2	25.0
06A	PM	10122018	115.0	sunny, chilly	Some		Humans, Dogs, Birds	Busy		1	7	25.0
06A	AM	10062018	211.0	65º F, gray, misting	Some		Humans, Dogs	Calm		1	8	20.0
06B	PM	10172018	241.0	61º F, mostly cloudy			Humans, Dogs, Birds	Busy		1	7	25.0
06B	AM	10122018	261.0	58º F, partly sunny, breezy			Humans (Bikers, Runners), Dogs, Small birds	Busy		1	2	22.0
06C	AM	10072018	34.0	68º F, Overcast. Humid.			Humans, Dogs	Busy	T/V busy with cars. Lots on dogs in ball fields.	1	8	25.0
06C	PM	10202018	150.0	65º F						1	4	25.0
06D	PM	10202018	150.0	65º F	Some		Humans, Dogs	Busy		1	6	25.0
06D	AM	10082018	250.0	66º F, cloudy	Some		Humans, Dogs	Calm		1	4	21.0
06E	PM	10102018	195.0	77º F, Mostly sunny (humid) but lovely			Humans	Busy		1	5	22.0
06F	PM	10082018	114.0	65º F, drizzly			Humans, Dogs	Busy		1	6	23.0
06F	AM	10062018	263.0	18º C, Cloudy	Abundant		Humans, Dogs	Busy		1	1	26.0
06G	PM	10202018	242.0	61º F, Sunny. Sun starting to go down	Some		Humans, Horses, Birds	Busy		1	4	24.0
06H	AM	10082018	6.0	66º F, overcast, damp			Humans, Dogs			1	2	30.0
06H	PM	10202018	242.0	63º F, Perfect			Humans, Birds, Cardinal	Calm		1	3	25.0
06I	AM	10062018	17.0	65º F, cloudy						1	1	23.0
06I	PM	10132018	256.0	57° F, Cloudy	Some		Humans, Dogs, Pigeons	Busy		1	7	26.0
07A	PM	10072018	182.0	79º F, Cloudy			Humans, Dogs	Calm		1	2	22.0
07A	AM	10062018	227.0	67º F, light drizzle	Some		Humans, Dogs, Robins (Birds)	Busy		1	3	29.0
07B	AM	10082018	60.0	67º F, misty			Humans, Dogs, Pigeons	Busy		1	15	30.0
07B	PM	10062018	118.0	Misty	Some		Humans, Dogs	Busy		1	1	22.0
07C	AM	10122018	261.0	58º F, partly cloudy, breezy			Humans (Very Few)	Calm	Sheep Meadow Closed!	1	3	20.0
07D	PM	10102018	115.0	77º F, Humid, sunny	Some		Humans	Busy		1	1	25.0
07D	AM	10062018	117.0	60s, cloudy, threatening to rain, misty			Humans, Dogs	Calm		1	0	30.0
07E	AM	10062018	118.0	64º F, Cloudy			Humans, Dogs, Pigeons	Calm		1	6	26.0
07F	PM	10122018	131.0	60º F, sunny			Humans, Dogs, Small birds	Calm		1	3	25.0
07G	AM	10102018	67.0	Muggy, cloudy, slightly damp			Humans, Dogs, Birds, Blue jays	Busy		1	9	25.0
07G	PM	10182018	242.0	52º F, Sunny			Humans	Busy		1	7	20.0
07H	PM	10062018	227228.0	68º F, drizzle			Humans, Sparrow			1	10	25.0
07I	AM	10122018	44.0	59º F, sunny, very windy	Some		Humans, Dogs, Pigeons, Small birds	Busy	Construction	1	0	25.0
07I	PM	10132018	256.0							1	8	33.0
08A	PM	10142018	103.0	58º F, cloudy, cool & crisp			Humans, Dogs, Pigeons, Mice, Sparrows	Busy		1	3	25.0
08B	PM	10122018	115.0	chilly, sunny	Some		Humans	Busy		1	9	35.0
08C	AM	10072018	34.0	68º F, Overcast. Humid.			Humans, Dogs	Calm	Humans quietly walking polite dogs. dog run.	1	2	20.0
08D	PM	10072018	182.0	80º F, Sunny	Some		Humans, Dogs	Busy		1	4	22.0
08D	AM	10072018	224.0	71º F, Overcast. Misty			Humans, Dogs, Pigeons	Calm	Very calm, except you can hear machinery	1	8	26.0
08E	AM	10132018	78.0	46º F, rain			Humans, Dogs	Calm		1	2	20.0
08E	PM	10082018	96.0	cloudy, drizzling			Humans, Dogs	Busy		1	8	25.0
08F	PM	10122018	131.0	60º F, sunny	Some		Humans, Dogs	Calm		1	8	25.0
08F	AM	10142018	145.0	52º F, Partly Cloudy, Mostly Sunny			Humans, Dogs, Owls, Small birds	Busy	Concert at Naumburg Bandshell	1	0	23.0
08G	AM	10122018	44.0				Humans	Calm		1	0	23.0
08G	PM	10172018	242.0	61º F, Sunny, Breezy			Humans, Dogs, Horses, Birds	Busy		1	2	20.0
08H	PM	10142018	138.0	57º F, Cloudy	Some		Dogs, Pigeons, Small birds	Calm		1	9	25.0
08H	AM	10172018	163.0	50º F, clear, windy			Humans, Dogs	Busy		1	6	26.0
08I	PM	10132018	134.0	56° F, Partly Cloudy	Some		Humans, Dogs, Wood Thrush	Calm		1	9	64.0
08I	AM	10062018	237.0	77º F, cloudy	Some		Humans, Dogs	Busy		1	12	27.0
09A	PM	10102018	195.0	77º F (humid) but lovely			Humans, Dogs, Pigeons	Busy	Doggie play area	1	4	22.0
09B	AM	10102018	211.0	70º F			Blue jay	Busy		1	9	30.0
09C	AM	10062018	196.0	68º F, cloudy	Some		Humans, Dogs, Birds	Busy		1	3	20.0
09C	PM	10062018	230.0	65º F, Mostly Cloudy	Some		Humans, Dogs, Birds			1	7	20.0
09D	PM	10082018	55.0	drizzling	Some		Humans, Dogs	Calm		1	0	10.0
09D	AM	10082018	60.0	66º F, overcast, misty	Some		Humans, Dogs, Birds	Busy		1	4	20.0
09E	AM	10082018	6.0	overcast, damp			Humans, Dogs	Busy		1	4	20.0
09E	PM	10142018	101.0	57º F, cloudy			Humans, Hawks, Dogs, Small birds	Busy		1	3	30.0
09F	AM	10132018	78.0	46º F, rain			Humans, Dogs	Busy		1	4	20.0
09F	PM	10142018	138.0	57º F, crisp & mostly cloudy	Some		Humans, Dogs, dogs off-leash :( , Birds	Calm	But loud music at edge	1	8	23.0
09G	PM	10072018	96.0	81º F, Cloudy	Some		Humans, Dogs, Pigeons	Busy		1	6	34.0
09G	AM	10072018	97.0	70º F, Humid. Cloudy.	Some		Humans, Dogs, Horse drawn carriage. Woodpecker	Busy		1	4	25.0
09H	PM	10182018	242.0	52º F, Sunny			Humans, Dogs	Busy		1	9	21.0
09I	PM	10102018	114.0	77º F, Mostly sunny			Humans, Dogs	Busy		1	7	24.0
10A	AM	10062018	8.0	65º F, cloudy, light drizzle			Humans, Dogs, Red Robins	Busy		1	4	24.0
10A	PM	10142018	101.0	57º F, cloudy			Humans, Dogs, Pigeons, Small birds, Rat, Mice			1	4	25.0
10B	PM	10142018	103.0	58º F, overcast cool & crisp			Humans, Dogs, Pigeons, Tiny birds on trees	Busy		1	5	25.0
10C	AM	10182018	242.0	43º F, Sunny, Breezy	Some		Humans, Dogs	Calm		1	4	22.0
10D	PM	10082018	55.0	65º F, overcast	Some		Humans, Dogs	Busy		1	1	18.0
10D	AM	10082018	250.0	66º F, cloudy	Some		Humans	Busy		1	5	21.0
10E	AM	10102018	211.0	71º F, Cloudy, humid	Some		Humans, Dogs	Busy		1	2	25.0
10E	PM	10072018	224.0	79º F, Partly Cloudy	Some		Humans	Busy		1	1	24.0
10F	AM	10072018	97.0	71º F, Humid. Cloudy.			Humans, Dogs, Pigeons, Chickadees, Tour groups	Busy		1	3	25.0
10F	PM	10192018	221.0	58º F, Partly, Cloudy	Some		Humans, Dogs, Pigeons	Busy	CRAZY BUSY	1	12	30.0
10G	PM	10172018	242.0	60º F, windy, clouds coming in. A couple drops of rain.			Humans	Calm		1	10	23.0
10H	PM	10072018	96.0	81º F, Partly Cloudy. Humid.	Some		Humans, Dogs, Pigeons, Horses	Busy		1	2	25.0
10I	AM	10102018	67.0	Partly cloudy, dewy	Some		Humans, Dogs	Busy		1	4	26.0
10I	PM	10132018	134.0	56° F, Partly Cloudy			Humans, Dogs	Busy		1	1	25.0
11A	AM	10142018	13.0	Mild (mid-50s), cloudy	Some		Humans, Dogs, Robins, Small brown birds -- not sparrows	Busy	Noisy and thumpy Avon Walk music from east	1	0	22.0
11A	PM	10132018	229.0	55º F, cloudy	Some		Humans, Dogs, Rat (with an apple core), Horses, Robin	Busy		1	5	25.0
11B	AM	10072018	35.0	71º F, Overcast. Humid	Some		Humans, Dogs, Pigeons, Horses	Busy		1	5	30.0
11B	PM	10142018	234.0	Cool, Cloudy	Some		Humans, Dogs, Horses	Busy		1	8	18.0
11C	AM	10072018	35.0	70º F, Overcast. Humid.			Humans, Dogs	Busy		1	0	30.0
11C	PM	10182018	191.0	53º F, Sunset			Humans, Ducks, Blue Jay, Horse!	Calm		1	1	26.0
11D	AM	10102018	83.0	72º F, Glasses fogging humid			Humans, Dogs, Blue jays, Robins	Calm		1	8	20.0
11E	PM	10122018	132.0	61º F, sunny	Some		Humans, Dogs, Pigeons	Busy		1	7	20.0
11E	AM	10132018	203.0	48º F, rain (from light to steady)			Humans, Horses	Busy		1	4	21.0
11F	AM	10132018	97.0	49º F, rainy, overcast, kinda windy			Humans, Dogs, Chickadees	Busy		1	3	30.0
11G	AM	10122018	37.0	60º F, partly cloudy, windy	Some		Humans, Blue jays, Robins	Calm		1	1	20.0
11G	PM	10132018	85.0	55º F, cloudy			Humans, Horses	Busy		1	2	26.0
11H	AM	10102018	37.0	70º F, Muggy	Some		Humans, Sparrows	Calm		1	9	20.0
11I	AM	10122018	166.0	60º F, windy, partly cloudy			Humans, Dogs	Calm		1	2	20.0
12A	AM	10082018	123.0	66º F, overcast, drizzling, no wind	Some		Humans, Dogs	Busy		1	2	20.0
12A	PM	10132018	229.0	55º F, cloudy	Some		Humans, Dogs, Rat			1	4	24.0
12B	PM	10182018	151.0	50º F, Sunny, Brisk	Some		Humans, Dogs	Busy		1	1	20.0
12B	AM	10072018	260.0	70º F, Cloudy	Some		Dogs	Busy		1	2	
12C	AM	10132018	203.0	48º F, light & steady rain			Humans, Dogs, Pigeons, Ducks, Geese	Calm		1	3	20.0
12C	PM	10172018	249.0	partly cloudy, pleasant	Some		Humans, Waterfowl	Calm		1	1	22.0
12D	AM	10132018	28.0	rainy	Some		Humans, Dogs	Busy		1	2	23.0
12D	PM	10142018	36.0	56º F			Humans, Dogs	Calm		1	3	20.0
12E	AM	10172018	83.0	51º F, sunny, clear	Some		Humans, Dogs, Pigeons, Various bird types	Busy		1	8	25.0
12E	PM	10182018	191.0	53º F, Sunny			Humans, Dogs, Birds, Ducks	Busy		1	6	23.0
12F	PM	10072018	220.0	79º F, Partly Cloudy			Humans, Dogs, Pigeons	Busy		1	15	21.0
12F	AM	10202018	256.0	55º F, Cloudy	Some		Humans, Dogs, Pigeons	Busy		1	6	35.0
12G	AM	10122018	166.0	60º F, windy, cloudy			Humans, Dogs, Blue jay, Sparrows	Calm		1	5	20.0
12H	AM	10072018	235.0	71º F, Cloud	Some		Humans, Dogs, Mandarin Duck	Moderate		1	0	20.0
12I	AM	10132018	8.0	46º F, rainy, cold			Humans, Dogs	Calm		1	1	25.0
12I	PM	10172018	80.0	60º F, sunny, very windy			Humans, Dogs	Busy		1	0	25.0
13A	AM	10172018	83.0	49º F, sunny, not a cloud			Humans, Hawks, Dogs, Pigeons, Sparrows, blue jays	Calm		1	5	22.0
13A	PM	10142018	234.0	cool, cloudy			Humans, Dogs	Busy		1	4	20.0
13B	AM	10082018	123.0	66º F, overcast, no wind	Some		Humans, Dogs, Ducks	Busy		1	0	20.0
13B	PM	10082018	240.0	70º F, misting			Humans, Dogs, Sparrows, Rats	Busy		1	2	20.0
13C	PM	10192018	47.0	56º F, Overcast	Some		Humans	Calm		1	5	25.0
13C	AM	10102018	83.0	71º F Cloudy and wicked humid	Some		Humans, Dogs, Blue jay, Cardinal, Warbler	Calm, Busy	Sporadically punctuated busy	1	4	20.0
13D	PM	10182018	215.0	55º F, Sunny	Some		Humans, Dogs, Pigeons, Cats, Birds, Ducks	Busy		1	14	27.0
13D	AM	10142018	252.0	51º F, cloudy w/sun	Some		Humans, Dogs	Calm	Loud from concert	1	11	22.0
13E	PM	10082018	184.0	66º F, misty, cloudy, humid	Some		Humans, Dogs	Busy		1	11	30.0
13E	AM	10172018	224.0	52º F, sunny & brisk	Some		Humans, Birds (non-pigeon)	Calm		1	13	50.0
13F	PM	10082018	127.0	66º F, misty, light rain, cloudy			Humans	Busy		1	5	20.0
13F	AM	10072018	145.0	70-73º F			Humans, Dogs, Small birds	Calm		1	4	28.0
13G	AM	10132018	162.0	50º F, rain			Humans	Calm		1	0	25.0
13G	PM	10082018	244.0	65º F, overcast, light breeze			Humans, Dogs, Sparrows, Robins	Moderate		1	4	22.0
13H	PM	10102018	60.0	80º F, sunny	Abundant		Humans, Dogs	Busy		1	9	25.0
13H	AM	10132018	240.0	~60º F, rainy	Some	2-3 pieces	Humans, Dogs, Ducks	Calm	Tour at Alice in Wonderland)	1	1	20.0
13I	AM	10132018	8.0	46º F			Humans, Dogs, Ducks	Calm		1	0	30.0
13I	PM	10082018	127.0	66º F, misty, cloudy	Some		Humans, Dogs, Mice	Busy		1	1	20.0
14A	AM	10142018	13.0	mid-50s, cloudy			Humans, Dogs, Pigeons, Finches, Sparrows	Busy	Avon Walk	1	2	21.0
14A	PM	10142018	36.0	57º F	Some		Humans, Dogs, Small birds	Calm		1	8	20.0
14B	AM	10072018	28.0	67º F, Cloudy	Some		Woodpecker	Busy		1	3	
14B	PM	10142018	222.0	57º F, overcast	Some		Humans, Dogs, Rat, Ducks	Calm, Busy	Busy, calm off walkways	1	8	22.0
14C	PM	10062018	25.0	67º F, Gloomy, overcast	Some		Humans, Dogs, Pigeons	Calm		1	3	30.0
14C	AM	10072018	254.0	70º F, Cloudy	Some		Humans, Dogs	Calm		1	0	22.0
14D	AM	10142018	116.0	52º F, mostly cloudy			Humans, Dogs	Calm	Loud music from Bethesda Terrace	1	16	55.0
14D	PM	10192018	151.0	60º F, Cloudy	Some		Humans, Dogs	Busy		1	16	35.0
14E	PM	10172018	80.0	58º F, sunny, breezy			Humans, Dogs	Calm		1	5	25.0
14E	AM	10082018	203.0	65º F, fog, clouds, mist	Some		Humans	Calm		1	23	40.0
14F	PM	10122018	24.0	61º F, sunny, windy	Some		Humans, Dogs	Calm		1	9	25.0
14F	AM	10072018	172.0	73º F	Some		Humans, Dogs	Calm		1	6	29.0
14G	AM	10122018	37.0	60º F, partly cloudy, windy			Humans, Dogs, Robins, Horses	Calm		1	4	20.0
14H	PM	10122018	24.0	61º F, sunny, windy, sun going behind trees	Some		Humans, Dogs (Lots)	Busy		1	8	20.0
14H	AM	10072018	235.0	71-78º F, Cloudy	Some		Humans, Dogs, Mandarin Ducks			1	4	25.0
14I	PM	10182018	70.0	40º F, Sunny	Some		Humans, Dogs, Pigeons, Rat	Calm		1	6	25.0
14I	AM	10132018	240.0	~60º F, rainy			Humans, Dogs, Pigeons	Calm, Busy	Calm (in Park), Busy (on Road)	1	1	21.0
15A	PM	10172018	224.0	52º F, cloudy, light rain drops, chilly			Humans, Birds	Calm, Busy	Busy at sidewalk	1	1	20.0
15B	PM	10172018	206.0	cool, windy			Humans, Dogs, Birds	Busy		1	5	40.0
15B	AM	10142018	209.0	50º F, sunny			Humans, Dogs	Busy		1	3	20.0
15C	AM	10102018	203.0	74º F Muggy & cloudy			Humans, Dogs, Crickets	Calm		1	3	37.0
15C	PM	10172018	249.0	got dark very suddenly	Some		mouse, Rats, Other birds	Calm		1	5	40.0
15D	PM	10172018	163.0	61º F, partly cloudy, then some showers	Some		Humans, Birds, Mouse, Rat	Calm		1	6	31.0
15E	AM	10132018	132.0	47º F, raining			Humans	Calm		1	4	20.0
15E	PM	10082018	203.0	64º F, cloudy	Some		Humans	Moderate		1	11	33.0
15F	PM	10102018	60.0	80º F Sunny			Humans, Dogs	Busy		1	7	29.0
15F	AM	10072018	145.0	73º F, Cloudy			Humans, Dogs	Calm		1	10	30.0
15G	AM	10082018	67.0	damp, misty, cloudy	Some		Humans, Dogs	Busy		1	6	23.0
15G	PM	10192018	138.0	60º F, Mostly Sunny + Slightly Breezy	Some		Humans, Dogs, Small birds	Calm		1	12	23.0
15H	AM	10132018	97.0	49º F, light rain, cloudy			Humans, Dogs, Bluebird, Chickadees	Calm		1	3	27.0
15H	PM	10082018	244.0	67º F, overcast, light breeze			Humans, Dogs	Calm		1	7	21.0
15I	AM	10082018	67.0	damp, humid, cloudy, dreary, misty, not raining, moist	Some		Humans, Dogs, Sparrows, Crickets, Blue jay	Busy		1	6	29.0
16A	AM	10132018	28.0	rainy			Humans, Dogs	Calm		1	2	23.0
16A	PM	10192018	88.0	58º F, Partly Cloudy			Humans, Dogs, Sparrows	Calm		1	7	20.0
16B	PM	10172018	206.0	cool, windy			Humans, Dogs, Birds	Busy		1	2	
16B	AM	10142018	209.0	50º F, sunny			Humans, Dogs	Busy		1	2	19.0
16C	PM	10182018	1.0	51º F, Dry and Clear	Some		Humans, Birds (unknown), Chipmunk	Busy		1	3	24.0
16C	AM	10142018	172.0	50º F, partly cloudy	Some		Humans, Dogs	Calm		1	4	43.0
16D	PM	10102018	203.0	76º F, Sunny, occasional breezes			Humans, Dogs, Butterflies	Moderate		1	13	28.0
16D	AM	10072018	254.0	70º F, Cloudy	Abundant		Humans	Calm		1	6	21.0
16E	AM	10142018	35.0	50º F, sunny	Abundant		Humans, Dogs, Yoga Class	Calm		1	10	40.0
16E	PM	10182018	267.0	48º F, Partly Cloudly	Some		Humans	Busy		1	10	35.0
16F	PM	10132018	85.0	55º F, clouds	Some		Humans, Dogs, Raccoon (Dead)	Busy		1	6	46.0
16F	AM	10082018	149.0	68º F, moist	Some		Humans	Calm		1	3	30.0
16G	AM	10102018	37.0	70º F Muggy and partly cloudy			Humans, Dogs, Sparrows	Busy		1	5	20.0
16G	PM	10172018	104.0	62º F, sunny, light breeze	Some		Humans, Dogs	Busy		1	1	25.0
16H	AM	10072018	172.0	72º F, Overcast			Humans, Dogs	Calm	Calm, but lots of dogs	1	1	20.0
16I	AM	10082018	149.0	70º F, moist	Some		Humans	Calm		1	4	25.0
17A	PM	10132018	141.0	50s, sunny			Humans	Busy		1	3	20.0
17A	AM	10172018	255.0	Low 50s, cool & sunny	Some		Humans, Dogs, Pigeons, other Birds	Busy		1	1	25.0
17B	PM	10122018	29.0	60º F, Breezy			Humans, Dogs, Mouse or Baby Rat	Busy		1	3	22.0
17B	AM	10102018	166.0	73º F, Sunny			Humans, Dogs, Pigeons	Busy		1	3	20.0
17C	PM	10132018	141.0	50s, sunny			Humans	Busy		1	5	25.0
17D	PM	10082018	184.0	66º F, misty, cloudy , humid			Humans	Calm		1	0	10.0
17D	AM	10082018	184.0	67º F, misty, cloudy, humid			Humans, Dogs	Calm		1	7	20.0
17E	PM	10182018	178.0	73º F	Some		Humans, Cats	Moderate	Partially blocked due to contruction	1	3	20.0
17E	AM	10172018	247.0	55º F, Sunny			Birds, Ducks	Calm		1	11	35.0
17F	PM	10202018	128.0	61º F, Clear Sky			Humans			1	6	
17F	AM	10072018	173.0	70º F, Cloudy			Humans, Dogs	Moderate		1	7	50.0
17G	AM	10182018	76.0	40º F, Windy, Clear	Some		Humans, Dogs	Busy		1	1	24.0
17G	PM	10172018	104.0	62º F, Sunny, light breeze & light sprinkle later on			Humans, Dogs, Other birds	Busy		1	4	25.0
17H	PM	10072018	87.0	79º F, Cloudy			Humans, Dogs	Busy		1	2	20.0
17H	AM	10102018	255.0	70º F, Humid and partly sunny	Some		Humans, Dogs, Robin	Moderate		1	0	25.0
17I	PM	10172018	202.0	62º F, cloudy, windy	Abundant		Humans, Dogs, Pigeons, Cats	Busy		1	1	20.0
17I	AM	10142018	230.0	49º F, calm & crisp	Some		Humans, Dogs	Busy	With street noise	1	4	27.0
18A	PM	10182018	69.0	49º F, Clear	Some		Dogs, Robins, Mourning Dove, Sparrow	Busy		1	1	20.0
18A	AM	10122018	211.0	58º F, cloudy, very windy	Some		Humans, Dogs, Robins, Blue jays	Calm		1	2	30.0
18B	PM	10182018	95.0	Sunny, Windy, Cool						1	0	30.0
18B	AM	10172018	247.0	57º F, sunny				Calm		1	0	20.0
18C	PM	10182018	95.0				Humans, Dogs	Busy		1	9	40.0
18C	AM	10182018	224.0	40º F, Cold, Sunny, Windy			Humans, Dogs, Birds (lots)	Moderate		1	2	20.0
18D	PM	10172018	138.0	63º F, mostly sunny, off-&-on windy	Some		Humans, Dogs, Small birds	Calm		1	1	20.0
18E	PM	10062018	114.0	65º F, drizzly			Humans, Dogs	Busy		1	1	21.0
18E	AM	10122018	211.0	58º F, cloudy, very windy			Humans, Dogs, Robins (Many)	Calm		1	0	23.0
18G	PM	10132018	203.0	49º F, breezy, partly cloudy			Humans, Dogs			1	4	20.0
18H	PM	10142018	201.0	58º F, cool			Humans	Busy		1	3	20.0
18H	AM	10182018	239.0	44º F, Sunny, Clear Sky, Gusty			Humans	Calm		1	2	25.0
18I	AM	10172018	37.0	50º F, sunny	Abundant		Humans, Dogs	Calm		1	3	20.0
18I	PM	10072018	220.0	79º F, Partly Cloudy			Humans, Dogs, Pigeons	Busy		1	9	20.0
19A	PM	10132018	13.0	~Low 50s, cold, partly cloudy, sunshine	Some	1 reusable bag	Humans, Dogs, Sparrows, Blue Finch-like Birds, Robins, Blackbirds	Busy		1	6	26.0
19A	AM	10132018	209.0	50º F, rain				Calm	Calm (in Park), Traffic	1	0	18.0
19B	AM	10192018	148.0	46º F	Some		Humans, Dogs, Birds, but less Robins, Sparrows, Crows, Sterlings, Doves	Busy		1	2	25.0
19C	AM	10192018	148.0	46º F, Sunny Breezy	Some		Humans, Dogs, Robins, starling, Mourning dove, Finches, Sparrows	Busy		1	0	25.0
19D	AM	10072018	252.0	69º F			Humans, Dogs	Busy	Busy on path	1	2	20.0
19D	PM	10082018	266.0	68º F, misty			Humans, Blue jays, Cardinals, Sparrows, Titmice	Moderate		1	3	20.0
19E	PM	10182018	69.0	49º F, Clear			Dogs	Calm		1	5	30.0
19E	AM	10072018	252.0	69º F, Cloudy. A bit humid			Dogs	Busy	Busy on suncuncting(?) path	1	0	20.0
19F	PM	10172018	151.0	63º F, windy, cloudy			Humans, Dogs	Calm		1	7	30.0
19F	AM	10072018	173.0	29º C, Cloudy			Dogs	Calm		1	3	50.0
19G	AM	10182018	17.0	43º F, Sunny	Some		Humans, Dogs	Busy		1	0	25.0
19G	PM	10172018	202.0	62º F, Partly Cloudy, very windy (attacked by flying leaves kind)			Humans, Dogs	Busy		1	3	24.0
19H	AM	10102018	255.0	70º F, Humid and cloudy			Humans, Dogs	Moderate		1	5	20.0
19I	PM	10172018	151.0	63º F, Breezy, Sunny			Humans, Pigeons	Busy		1	0	20.0
19I	AM	10172018	166.0	51º F, sunny, windy			Humans, Dogs	Busy		1	0	20.0
20A	PM	10172018	138.0	63º F, sunny then cloudy, wind gusts, a few raindrops	Some		Humans, Dogs, Small birds	Calm		1	1	23.0
20A	AM	10102018	166.0	73º F, Cloudy and humid	Some		Humans, Dogs, Pigeons, Birds	Calm		1	2	20.0
20B	PM	10132018	13.0	Low 50s, cold	Some	1 piece of plastic	Humans, Dogs, Pigeons, Robins, Blackbirds, Sparrows	Busy		1	10	22.0
20B	AM	10072018	82.0	70º F, Drizzly. Overcast.			Humans, Robin, Seagulls - lots flying high.	Calm		1	3	20.0
20C	AM	10182018	94.0	Sunny, Blue Sky			Humans, Dogs, Small birds	Busy		1	0	23.0
20C	PM	10182018	178.0	76º F, Sunny			Humans, Dogs	Busy		1	9	25.0
20D	PM	10142018	45.0	57º F, overcast			Humans, Dogs	Busy	Great lawn, (2/3 of this hectare fenced off for the season)	1	1	20.0
20D	AM	10072018	82.0	70º F			Humans, Dogs, Pigeons, Seagulls (3), Butterfly	Busy		1	2	25.0
20E	AM	10142018	132.0	49º F, sunny			Humans, Dogs, Jays	Busy	Lots of dogs off leash	1	2	20.0
20F	PM	10072018	132.0	78º F, Humid. Sunny. Filtered by trees			Humans, Dogs, Sparrows, Robins	Moderate		1	14	20.0
20F	AM	10142018	230.0	49º F, calm & crisp	Some		Humans, Dogs, Small birds	Busy		1	3	23.0
20G	AM	10182018	17.0	43º F, Partly Sunny, Breezy	Some		Humans, Hawks, Dogs	Busy		1	3	30.0
20G	PM	10132018	78.0	54º F, cloudy			Humans, Dogs, Pigeons, Robins	Busy		1	3	20.0
20H	PM	10132018	203.0	49º F, partly cloudy			Humans, Dogs	Calm		1	0	23.0
20H	AM	10142018	240.0	55º F, partly sunny				Busy	Construction site: no access until 2022	1	0	22.0
20I	PM	10182018	70.0	40º F, Sunny, Windy			Humans, Dogs, Pigeons	Busy		1	0	19.0
20I	AM	10172018	166.0	51º F, sunny, windy			Humans, Dogs	Busy		1	0	20.0
21B	PM	10172018	194.0	77º F, with some breeze	Some		Humans, Pigeons, Birds	Busy	Kids playing soccer	1	5	20.0
21C	AM	10142018	216.0	54º F, partly cloudy	Some		Humans, Dogs	Busy		1	5	23.0
21D	PM	10082018	266.0	68º F, misty	Some		Humans, Dogs, Chimney swifts, Blue jay	Busy		1	6	20.0
21E	PM	10122018	16.0	61º F, sunny			Bird	Calm	Empty, Roped Off	1	2	22.0
21E	AM	10172018	255.0	low 50s, cool & sunny			Humans, Dogs, Pigeons	Calm		1	3	20.0
21F	PM	10182018	76.0	50º F, Light wind, Clear	Some		Humans, Dogs	Busy		1	3	25.0
21F	AM	10182018	166.0	44º F, Sunny, Windy			Humans, Dogs, Robins	Busy		1	8	20.0
21G	PM	10072018	87.0	79º F, Some clouds			Humans, Dogs	Busy		1	4	25.0
21G	AM	10142018	240.0	55º F, partly sunny	Some		Humans, Dogs, Sparrows	Busy		1	7	25.0
21H	AM	10172018	37.0	50º F, Sunny	Some		Humans, Dogs	Busy		1	2	20.0
21H	PM	10182018	267.0	52º F, Clear, Windy	Some		Humans, Woodpecker	Calm		1	4	15.0
21I	AM	10182018	37.0	44º F, Sunny	Abundant		Humans, Dogs, Pigeons	Calm, Busy	Busy near street, near empty on the playground.	1	0	20.0
21I	PM	10132018	205.0	55º F, partly cloudy (sundown)	Some		Humans, Dogs, Sparrows, Migratory birds (a distant V of 30-40 going south)	Busy		1	0	20.0
22A	PM	10172018	194.0	75º F, with some breeze			Humans, Dogs	Busy	A lot of traffic noise	1	3	25.0
22B	AM	10132018	2.0	~58º F, wet, drizzle	Some		Humans, Dogs	Calm		1	5	30.0
22B	PM	10142018	75.0	50º F, Cloudy	Some		Humans, Dogs, Woodpecker, Blue jay, Robins	Busy		1	7	20.0
22C	AM	10132018	209.0	50º F, rain			Humans, Dogs	Calm		1	3	17.0
22D	PM	10122018	16.0	61º F, sunny			Humans, Pigeons, Sparrows	Calm, Busy		1	7	26.0
22D	AM	10082018	184.0	67º F, misty, cloudy, humid			Humans, Dogs	Calm		1	0	35.0
22E	PM	10142018	75.0	50º F				Calm		1	2	20.0
22E	AM	10182018	224.0	40s, Cold, Sunny, Windy			Humans, Dogs, Birds	Calm		1	0	20.0
22F	PM	10142018	201.0	58º F, cool			Humans	Busy		1	8	20.0
22G	AM	10182018	76.0	40º F, Windy, Clear			Humans, Dogs	Medium		1	5	24.0
22G	PM	10182018	215.0	53º F, Sunny	Some		Humans, Dogs, Birds	Busy		1	3	25.0
22H	AM	10182018	37.0	44º F, Sunny, Windy			Humans, Dogs, Pigeons	Busy		1	0	20.0
22H	PM	10072018	132.0	78º F, More overcast	Some		Humans, Dogs, Rats, Sparrows	Busy		1	4	20.0
22I	PM	10132018	78.0	55º F, partly cloudy	Some		Humans, Dogs, Pigeons, Birds (galore: House sparrows, House finch, Blue jay, etc.)	Busy		1	0	20.0
23A	AM	10182018	94.0	Sunny			Humans, Dogs	Calm		1	5	25.0
23B	PM	10122018	29.0	60º F, Breezy			Humans, Dogs, Robins, Jays	Busy		1	7	26.0
23B	AM	10192018	57.0	48º F, Chilly, Mild			Humans, Dogs, Falcons	Moderate		1	0	24.0
23C	PM	10142018	45.0	57º F, overcast	Some		Humans, Dogs, Horse (saw droppings)	Busy	Lots of foot and bike traffic on paths	1	4	21.0
23C	AM	10192018	57.0	48º F, Chilly, Mild			Humans, Dogs, Falcons	Busy	Noisy	1	1	23.0
23D	AM	10132018	2.0	~56º F, drizzle			Humans, Dogs, Ducks	Busy		1	1	25.0
23E	AM	10142018	216.0	54º F, partly cloudy	Some		Humans, Dogs, Birds	Busy		1	0	27.0
23E	PM	10062018	265.0	drizzling, cloudy	Some		Humans, Dogs, Pigeons, Small birds	Calm		1	1	35.0
23F	AM	10182018	166.0	44º F, Sunny, Windy			Humans, Dogs, Sparrows, Crows, Cardinal	Busy		1	1	20.0
23F	PM	10132018	205.0	55º F, partly cloudy (with sun)	Some		Humans, Dogs, Blue Jay, Rat, Bee, Sparrow	Moderate	Busy near gate house, quiet on and south of Transverse, reservoir path medium	1	4	
23G	AM	10182018	239.0	44º F, Sunny, Clear Sky, Windy (Gusts(	Some		Humans, Few and calls of larger birds, but not visible	Busy		1	0	25.0
23H	PM	10192018	45.0	60º F, Partly Cloudy	Some		Humans, Dogs	Calm, Busy	Busy on Running Path	1	1	17.0
23H	AM	10142018	240.0	55º F, partly sunny	Some		Humans, Dogs, Runners	Busy		1	0	17.0
23I	AM	10192018	23.0	46º F, Sunny, no clouds			Humans, Dogs, Small birds	Busy		1	1	45.0
23I	PM	10192018	45.0	60º F, Partly Cloudy			Humans, Dogs, Ducks	Busy	Busy	1	3	25.0
24A	AM	10142018	170.0	50º F, Sunny, Clear			Humans, Dogs	Busy	5k	1	2	25.0
24B	PM	10102018	65.0	70s, sunny, humid	Some		Humans, Dogs, Birds	Busy		1	0	20.0
24B	AM	10132018	243.0	50º F, rain, very cloudy			Humans, Dogs, Birds	Busy		1	1	30.0
24C	AM	10102018	104.0	73º F, Vaguely sunny			Pigeons, Other birds	Busy		1	0	35.0
24C	PM	10172018	115.0	62º F, sunny, windy						1	0	25.0
24I	AM	10192018	250.0	45º F, Sunny, Windy	Some		Humans, Dogs	Busy		1	1	30.0
25A	AM	10132018	243.0	50º F, drizzle, light rain, overcast			Humans, Dogs, Other Birds	Busy	Busy (road)	1	5	40.0
25B	AM	10142018	28.0	Partly cloudy			Humans, Dogs, Warblers			1	0	
25B	PM	10072018	41.0	80º F, Sunny. Humid.			Humans	Busy		1	2	20.0
25I	PM	10072018	155.0	Humid	Some			Busy		1	8	45.0
25I	AM	10122018	204.0	60º F, windy			Humans, Dogs, Pigeons, Song birds	Calm		1	3	35.0
26A	AM	10142018	248.0	51º F, Mostly Cloudy, Light Breeze			Humans, Dogs	Busy		1	2	20.0
26B	AM	10102018	104.0	70º F Humid and cloudy			Humans, Dogs, Pigeons	Busy		1	1	30.0
26B	PM	10172018	250.0	62º F, sunny, windy	Some		Humans, Dogs, Pigeons, Ducks	Busy		1	0	20.0
26I	PM	10102018	211.0	79º F, Part sunny	Some		Humans, Dogs	Busy		1	6	20.0
26I	AM	10102018	224.0	73º F, Partly cloudy, muggy, occasional cool breeze	Some		Humans, Dogs, Seagull	Busy		1	2	26.0
27A	AM	10082018	97.0	65º F, overcast, cloudy, light drizzle	Some		Humans, Dogs, Chickadees	Calm		1	2	25.0
27A	PM	10062018	265.0	drizzling cloudy			Humans, Pigeons	Busy		1	1	32.0
27B	AM	10142018	170.0	49º F, Sunny, Clear	Some		Humans, Dogs, Birds	Busy	5k race	1	0	23.0
27C	AM	10142018	248.0	53º F, mostly sunny, calm			Humans, Turtle (in water)	Busy		1	0	5.0
27C	PM	10122018	250.0	61º F, sunny, windy			Humans	Busy		1	0	20.0
27I	AM	10072018	102.0	Cool			Butterfly	Busy	Heavy human congestion	1	4	42.0
28A	PM	10072018	40.0	80º F, Overcast. Humid.	Abundant		Humans, Dogs, Birds	Busy		1	5	20.0
28A	AM	10142018	124.0	50º F, Sunny & Cloudy	Some			Calm		1	1	25.0
28B	AM	10072018	122.0	71º F, Overcast. Breezy	Some		Humans, Dogs, Pigeons	Busy		1	1	25.0
28B	PM	10102018	161.0	79º F, Humid, sunny	Some		Humans, Dogs, Pigeons	Busy		1	2	30.0
28C	AM	10142018	242.0	50ish, sunny, calm			Humans, Dogs, Song birds	Busy		1	2	22.0
28C	PM	10062018	257.0							1	2	20.0
28D	PM	10192018	219.0	59º F, P/Cloudy, Light Wind	Some		Humans, Dogs, Pigeons, Sparrows, Robins, Grackles	Busy		1	2	20.0
28D	AM	10122018	250.0	59º F, windy			Humans, Dogs, Robins, Blue jay	Busy		1	6	21.0
28I	PM	10072018	170.0	78º F			Humans, Dogs, Birds	Busy		1	1	26.0
28I	AM	10132018	230.0	50º F, overcast, wet, light rain			Humans, Dogs	Busy		1	1	24.0
29A	PM	10192018	242.0	59º F, Sunny	Some		Humans, Dogs, Birds	Busy		1	3	20.0
29A	AM	10132018	248.0	50º F, light rain, calm	Some		Humans, Dogs	Busy		1	1	25.0
29B	PM	10102018	65.0	70s, Sunny, humid			Humans, Dogs, Birds	Busy		1	5	25.0
29B	AM	10072018	170.0	70º F, Overcast. Moist.	Some		Humans, Dogs, Robins	Busy		1	2	20.0
29C	PM	10062018	9.0	Cool, cloudy & light drizzle			Humans, Dogs, Song birds	Busy		1	2	23.0
29C	AM	10072018	122.0	70º F	Some		Humans, Dogs, Pigeons	Calm		1	6	20.0
29D	AM	10142018	28.0							1	6	
29D	PM	10102018	250.0	77º F, Sunny			Humans, Dogs	Busy		1	2	20.0
29E	AM	10172018	19.0	51º F, clear & sunny	Some		Humans, Unknown birds	Busy		1	0	22.0
29E	PM	10062018	155.0	Misty, Rain, Cool			Humans, Dogs	Moderate	Tennis courts and joggers	1	0	20.0
29H	PM	10062018	56.0	65º F, Foggy	Some		Humans, Ducks	Calm		1	2	22.0
29H	AM	10132018	230.0	50º F, drizzle, overcast	Some		Humans (runners), Dogs (1 off-leash), Seagulls?	Calm		1	0	20.0
29I	PM	10072018	200.0	80º F, Overcast	Some		Humans, Dogs, Pigeons, Cats	Busy		1	1	26.0
29I	AM	10192018	250.0	45º F, Sunny, Windy	Some		Humans, Dogs, Hummingbird??	Busy		1	0	20.0
30A	AM	10102018	18.0	22º C, Cloudy and bright			Humans, Dogs, Pigeons, Midges	Busy		1	1	25.0
30A	PM	10202018	250.0	62º F, Sunny	Some		Humans, Dogs	Busy		1	4	20.0
30B	PM	10192018	19.0	59º F	Some		Humans, Dogs, Birds (Other)	Busy		1	9	22.0
30B	AM	10072018	170.0	70º F, Overcast. Moist.	Some		Humans, Dogs, Assorted Birds	Busy		1	12	20.0
30C	PM	10082018	122.0	65º F, misting	Abundant		Humans, Dogs	Busy		1	1	20.0
30C	AM	10142018	124.0	50º F, Cloudy			Humans, Dogs	Busy		1	2	21.0
30D	PM	10072018	40.0	80º F, Sunny. Humid.			Humans, Dogs, Lots of Birds	Busy		1	0	20.0
30D	AM	10172018	60.0	51º F, sunny			Humans, Dogs	Busy		1	2	30.0
30E	AM	10082018	97.0	66º F, drizzle, overcast			Humans, Dogs, Pigeons	Busy		1	3	28.0
30E	PM	10082018	122.0	65º F, misting	Some		Humans, Dogs, Pigeons	Busy		1	1	23.0
30F	PM	10072018	200.0	80º F, Overcast			Humans, Dogs, Pigeons			1	1	20.0
30F	AM	10192018	242.0	30º F			Humans, Dogs	Busy		1	0	20.0
30G	AM	10132018	170.0	50º F, cold, drizzly, overcast			Humans, Blue jay	Busy		1	0	20.0
30G	PM	10102018	211.0	76º F, Sunny, breezy			Humans, Dogs	Busy		1	0	20.0
30H	AM	10072018	102.0	Muggy, but cool. Sprinkling.				Busy		1	3	20.0
30I	AM	10132018	17.0	49º F, rain showers, calm						1	0	35.0
31A	AM	10102018	18.0	25º C, Sunny with clouds	Some		Humans, Dogs, Blackbird and other birds	Calm		1	5	25.0
31A	PM	10172018	250.0	62º F, sunny, windy	Some		Humans, Dogs, Pigeons, Sparrows	Busy		1	4	20.0
31B	PM	10072018	41.0	80º F, Overcast. Humid.	Some			Busy		1	4	20.0
31B	AM	10172018	60.0	51º F, sunny, windy			Humans, Dogs	Busy		1	3	30.0
31C	AM	10172018	19.0	49º F, clear & sunny	Some		Humans, Dogs, Falcons, unknown bird	Calm		1	1	24.0
31C	PM	10102018	250.0	79º F, Sunny	Some		Humans, Dogs, Robins	Calm		1	3	20.0
31D	PM	10062018	126.0	65º F, dew point 62º F,  misty, light wind	Some		Humans, Dogs	Calm		1	4	22.0
31D	AM	10142018	243.0	50º F, Calm, Fair Sky - Sunny	Some		Humans, Dogs	Busy		1	7	30.0
31E	AM	10142018	67.0	49º F, Partly Cloudy, Chilly	Some		Humans, Hawks, Dogs	Calm		1	1	25.0
31E	PM	10062018	126.0	65º F, 62º F, dewpoint, light wind, misty	Some		Humans, Dogs	Calm		1	9	20.0
31F	PM	10072018	155.0	Humid	Some		Humans, Dogs, Pigeons	Calm		1	5	25.0
31F	AM	10132018	170.0	50º F, cold, drizzly, overcast, calm			Humans, Dogs, Birds	Calm		1	1	25.0
31G	PM	10072018	170.0	78º F, Overcast			Humans, Dogs, Birds	Calm		1	1	26.0
31G	AM	10192018	242.0	46º F,  Windy, Shady	Abundant		Humans, Dogs	Busy		1	0	20.0
31H	AM	10132018	17.0	50º F, cloudy, calm			Humans, Dogs, Sparrows, Jays	Busy		1	0	20.0
31H	PM	10082018	217.0	drizzling			Humans	Busy		1	5	25.0
31I	AM	10122018	204.0	60º F, windy, cloudy			Humans, Dogs, Pigeons	Busy		1	0	20.0
31I	PM	10192018	219.0	58º F, P Cloudy	Some		Humans, Dogs	Busy		1	4	20.0
32A	AM	10182018	247.0	44º F, Sunny, Breezy			Humans, Hawks, Dogs	Moderate		1	5	20.0
32A	PM	10132018	258.0							1	9	23.0
32B	AM	10172018	40.0	50º F, clear/sunny	Some		Humans, Dogs, other Birds	Busy		1	4	20.0
32B	PM	10102018	125.0	81º F, Sunny			Humans, Dogs, Chipmunk	Busy		1	6	35.0
32C	AM	10142018	67.0	51º F, Partly Cloudy	Abundant		Humans, Dogs	Calm		1	6	22.0
32C	PM	10132018	171.0	60º F, partly sunny			Humans, Dogs	Calm		1	13	25.0
32D	PM	10062018	212.0	65º F, cloudy			Humans, Dogs, Small birds	Moderate		1	9	20.0
32E	PM	10172018	125.0	61º F, cloudy	Some		Humans, Dogs	Busy		1	16	25.0
32E	AM	10072018	154.0	70º F, Overcast. Slight mist.			Humans, Dogs	Calm		1	14	20.0
32F	PM	10082018	104.0	66º F, cloudy	Some		Humans, Dogs	Busy		1	8	30.0
32F	AM	10122018	114.0	59º F, partly cloudy, windy			Humans, Dogs	Calm		1	7	18.0
32G	PM	10132018	222.0	56° F, partly cloudy	Some	1 plastic bag	Humans (lots of bikers), Dogs, Small birds	Busy		1	3	21.0
32G	AM	10102018	264.0	73º F			Humans, Hawks, Dogs	Calm		1	2	25.0
32H	PM	10062018	81.0	65º F, cloudy	Some		Humans	Calm		1	3	30.0
32H	AM	10102018	223.0	72º F, Overcast			Humans, Dogs, Other Song birds	Moderate		1	1	22.0
32I	AM	10132018	61.0	49º F, light rain			Humans, Dogs	Calm		1	6	50.0
32I	PM	10072018	183.0	81F Partly cloudy. Humid.			Humans, Dogs	Busy		1	3	
33A	PM	10182018	244.0	Clear Skies, Breezy	Some		Humans, Dogs, Song birds	Calm		1	4	26.0
33B	PM	10102018	125.0	81º F, Sunny			Humans	Busy		1	12	27.0
33B	AM	10102018	199.0	70º F, Nice, overcast			Humans, Dogs	Calm		1	6	30.0
33C	PM	10072018	81.0	78º F, Cloudy	Some		Humans, Dogs, Birds	Busy		1	4	20.0
33C	AM	10122018	104.0	59º F, mostly cloudy, windy (sunny by 9:30)			Humans, Dogs	Calm		1	2	25.0
33D	PM	10062018	35.0	65º F, Overcast Drizzly			Humans	Busy	Active Tennis and use of fields	1	3	30.0
33D	AM	10172018	40.0	51º F, clear, sunny, breezy			Humans	Calm		1	9	20.0
33E	AM	10142018	10.0	50º F, mostly sunny			Humans, Dogs, Birds, Humans playing tennis	Calm	Except the tennis court was loud	1	13	20.0
33E	PM	10122018	250.0	61º F, sunny, windy	Some		Humans, Dogs, Sparrows, Woodpecker	Busy		1	9	21.0
33F	PM	10122018	19.0	60º F, sunny, clear			Humans, Dogs, Warbler (Internet says magnolia warbler), Unknown grey/brown bird	Calm		1	6	27.0
33F	AM	10082018	233.0	65º F, drizzling			Humans, Dogs, blue jay	Calm		1	2	25.0
33G	PM	10062018	41.0	Calm	Some			Calm		1	2	20.0
33G	AM	10132018	145.0	50º F, light rain			Humans, Dogs, Small birds	Busy		1	3	22.0
33H	AM	10192018	114.0	46º F, Sunny, Breezy			Humans, Dogs	Calm		1	2	20.0
33H	PM	10122018	248.0	61º F, clear, breezy	Some		Humans, Hawks, Dogs	Busy		1	0	25.0
33I	PM	10062018	81.0	65º F, drizzling	Some		Humans, Dogs	Calm		1	9	25.0
33I	AM	10082018	233.0	66º F, Drizzly	Some		Humans, Dogs, Rat	Calm		1	5	30.0
34A	AM	10122018	104.0	59º F, windy, sunny			Humans, Dogs, Pigeons, Birds (Assorted)	Calm		1	3	25.0
34A	PM	10132018	171.0	60º F (?), partly cloudy			Humans, Dogs	Calm		1	5	21.0
34B	PM	10072018	81.0	78º F, Cloudy	Some		Humans, Dogs	Busy		1	1	30.0
34C	PM	10122018	77.0	61º F, sunny, light breeze			Humans, Dogs	Calm	People on path, not in fields	1	4	23.0
34C	AM	10072018	154.0	70º F, Overcast				Calm		1	2	22.0
34D	PM	10072018	1.0	80º F, Humid. Overcast.			Humans, Dogs	Busy		1	3	26.0
34E	PM	10062018	212.0	65º F, Drizzle			Humans, Dogs, Falcons, Small birds	Calm		1	2	25.0
34E	AM	10182018	247.0	45º F, Brisk						1	0	20.0
34F	AM	10072018	10.0	70º F, Overcast			Humans, Dogs, Butterflies, Birds with red chest	Calm		1	1	20.0
34F	PM	10122018	35.0	clear blue sky, breezy, getting cold	Some		Humans, Dogs	Calm		1	1	30.0
34G	PM	10062018	46.0	drizzling	Some		Humans, Dogs, Many Small birds	Calm		1	2	20.0
34G	AM	10182018	60.0							1	0	
34H	PM	10062018	46.0	sprinkling	Some		Humans, Dogs, Children in costume	Calm		1	7	20.0
34H	AM	10072018	237.0	76º F, Cloudy	Some		Humans, Dogs, Pigeons, Robins, Woodpeckers	Busy		1	1	25.0
34I	PM	10102018	42.0	77-80º F	Some			Calm		1	7	47.0
34I	AM	10122018	114.0	59º F, misty, windy	Some		Humans	Busy		1	4	20.0
35A	AM	10142018	10.0	50º F, mostly sunny			Humans, Dogs, Birds		Some dogs off leashes next to roads	1	8	22.0
35A	PM	10132018	81.0	54º F, partly cloudy			Humans, Dogs	Calm		1	12	20.0
35B	PM	10132018	45.0	56° F, Partly Cloudy			Humans, Dogs, Rats, Ducks, Canada Geese	Calm	Foot traffic on the path	1	7	28.0
35B	AM	10102018	223.0	73º F, Cloud/Overcast, beginning to clear, humid			Humans, Dogs, Sparrows	Calm		1	4	22.0
35C	AM	10072018	209.0	70º F, Overcast			Humans, Dogs	Busy		1	6	21.0
35C	PM	10132018	248.0	56° F, Partly Cloudy, Breeze			Humans, Dogs	Busy		1	8	23.0
35D	AM	10192018	186.0	45º F, Sunny, Windy			Humans, Dogs, Birds, No Pigeons	Busy	Chainsaw in distance, park golf carts zipping around, joggers	1	2	20.0
35D	PM	10132018	258.0							1	9	23.0
35E	PM	10062018	35.0	68º F, Overcast Misty	Some		Humans, Dogs	Busy		1	7	30.0
35E	AM	10202018	114.0	55º F, Overcast, Breezy	Some		Humans, Hawks, Dogs	Calm		1	4	21.0
35F	PM	10122018	19.0	61º F, sunny, clear			Humans, Hawks, Dogs, Blue jay	Calm		1	3	27.0
35F	AM	10072018	237.0	74º F, Cloudy	Some		Humans, Dogs	Busy		1	1	1.0
35G	AM	10072018	10.0	70º F, Overcast	Some		Humans, Dogs, Birds.	Busy		1	2	20.0
35G	PM	10062018	196.0	64 F Cloudy & misty				Moderate		1	1	20.0
35H	AM	10132018	61.0	49º F, light rain			Humans, Dogs	Calm		1	2	23.0
35H	PM	10122018	248.0	61º F, clear sky, breezy			Humans, Dogs	Busy		1	0	25.0
35I	PM	10062018	41.0	68º F, misty, humid	Some		Humans, Dogs, Field mouse, Chipmunk	Calm	Hilly, rocky terrain	1	2	20.0
35I	AM	10132018	145.0	50º F, light rain	Some		Humans, Dogs, Small birds	Calm	Calm in hectare, but cars on [road]	1	1	23.0
36A	AM	10182018	2.0	45º F, Brisk, Clear			Humans, Dogs, Birds, Sparrows	Calm		1	2	23.0
36A	PM	10132018	243.0	56º F, mostly sunny, very slight breeze	Some		Humans, Dogs, Pigeons, Chipmunk (?), Crickets	Busy	Busy (bypassers)	1	9	67.0
36B	AM	10132018	41.0	50º F, rainy	Some		Humans, Dogs, Ducks	Calm		1	4	23.0
36B	PM	10132018	81.0	54º F, partly cloudy			Humans, Birds (lots of screeching, not sure what kind of birds)	Calm		1	5	20.0
36C	PM	10132018	45.0	56° F, Partly Cloudy			Humans, Dogs, Dogs (on path), Ducks & Geese (in pool)	Calm, Busy	Busy on West Dr	1	6	25.0
36C	AM	10142018	243.0	50º F, Calm, Fair, Sunny			Humans, Birds	Calm, Busy	Calm in woods, busy outside with fund walk	1	4	40.0
36D	PM	10072018	1.0	81º F, Humid. Overcast.	Some		Humans, Dogs, Turtle, Chipmunks	Calm		1	2	32.0
36D	AM	10072018	209.0	70º F, Overcast	Some		Humans, Dogs, Chipmunks	Calm		1	1	34.0
36E	AM	10132018	41.0	50º F, rainy			Humans, Dogs, Chipmunk	Moderate	Lots of runners	1	3	20.0
36E	PM	10122018	77.0	61º F, sunny, light breeze	Some		Humans, Dogs, Rat	Calm	People on path	1	2	25.0
36F	PM	10122018	35.0	61º F, no clouds, clear sky, breeze			Humans, Robin	Busy		1	7	25.0
36F	AM	10172018	183.0	50º F, sunny, clear			Humans, Dogs	Calm	Squeaky toys	1	5	20.0
36G	AM	10182018	60.0							1	0	
36G	PM	10122018	250.0	61º F, sunny, windy	Some		Humans, Dogs, Pigeons, Robins	Busy		1	2	20.0
36H	PM	10082018	104.0	66º F, foggy, drizzly			Humans, Hawks, Dogs	Busy		1	2	40.0
36H	AM	10102018	264.0	72º F, Mostly cloudy, calm			Dogs, lots of Blue jays & Gackels	Calm		1	2	26.0
36I	AM	10172018	183.0	50º F, sunny, clear	Some		Humans, Dogs, Many song birds: Wrens, Finches, Blue jays, Mourning dove	Calm	Traffic noises nearby	1	8	23.0
36I	PM	10072018	183.0	81º F, partly cloudy. Humid			Humans, Dogs, Blue jays. Robins, Sparrows	Busy		1	13	30.0
37A	AM	10122018	248.0	59º F, partly cloudy, breeze			Morning Dove, Crows	Calm		1	1	23.0
37B	AM	10182018	120.0	45º F, Clear, Cold			Humans, Dogs, Birds	Calm		1	6	25.0
37B	PM	10132018	128.0	55° F, mostly cloudy			Dogs	Calm		1	5	25.0
37C	PM	10132018	242.0	55° F, Mostly Cloudy, Cool, Breezy			Chipmunks (2)	Busy		1	5	20.0
37C	AM	10122018	248.0	59º F, mostly cloudy, windy	Some	Beer party can debris	Humans, Blue Jay, Warbler	Calm		1	4	24.0
37D	AM	10182018	2.0	45º F, Clear			Humans, Falcon, Chipmunks	Calm		1	2	31.0
37D	PM	10142018	209.0	57º F, overcast	Some		Humans, Chipmunks	Calm		1	8	26.0
37E	PM	10062018	40.0	65º F, misty overcast	Some		Humans, Chipmunks, Lots of little birds	Calm		1	9	20.0
37E	AM	10132018	252.0	50º F, light rain			Humans, Dogs, Birds	Calm		1	5	22.0
37F	AM	10102018	120.0	Overcast & humid but cool	Some		Humans, Dogs, Gull, Birds	Busy		1	1	25.0
37F	PM	10142018	243.0	59º F, overcast, SW 6 mph			Humans	Busy		1	3	24.0
37G	PM	10072018	114.0	81º F, p/c. Humid			Humans, Dogs	Busy		1	9	24.0
37H	PM	10062018	34.0	65º F, misty, overcast			Humans, Dogs	Calm	Lots of humans walking quietly	1	6	23.0
37H	AM	10182018	84.0	45º F, Very Sunny, Chilly			Humans, Dogs, Mourning doves (sic), Sparrows	Calm		1	4	27.0
37I	AM	10102018	120.0	Overcast & humid but cool			Humans, Dogs, Birds, Chipmunks	Calm		1	5	25.0
37I	PM	10062018	172.0	~65º F, Misting & Cloudy			Humans, Dogs, Chipmunks (5+)	Calm		1	2	22.0
38A	AM	10192018	186.0	45º F, Sunny Windy			Humans, Birds, No Pigeons	Busy	Traffic, lawn mowing in 39A, kids on lawn in 39.	1	5	25.0
38A	PM	10132018	210.0	55º F, partly cloudly	Some		Humans, Dogs, Pigeons	Calm		1	5	23.0
38B	AM	10192018	7.0	45º F, Sunny, Cold Breeze			Humans, Dogs			1	5	25.0
38B	PM	10182018	114.0	53º F, Sunny, Light Breeze			Humans, Hawks, Dogs	Busy	Lots of school kids	1	2	24.0
38C	AM	10192018	7.0	45º F, Sunny, Cold Breeze Wind			Humans, Dogs	Calm		1	11	25.0
38C	PM	10142018	217.0	58º F, Cloudy			Humans, Sparrows	Busy		1	10	25.0
38D	PM	10062018	40.0	65º F, Misty, overcast	Some		Humans, Small birds, Chipmunks	Moderate		1	4	20.0
38D	AM	10172018	135.0	50º F, clear, sunny			Humans, Dogs, Migratory birds	Calm		1	6	32.0
38E	AM	10102018	105.0	72º F, Bit cloudier	Some		Chipmunks	Calm		1	12	20.0
38E	PM	10142018	243.0	59º F, overcast, SW 6 mph			Humans, Chippys, Birds	Busy		1	5	35.0
38F	AM	10182018	114.0	45º F, Clear	Some		Humans, Dogs			1	6	23.0
38F	PM	10132018	222.0	56º F, partly cloudy			Humans, Small birds, Chipmunks	Calm, Busy	Only small chunk near road was busy, the rest was unoccupied	1	6	22.0
38G	PM	10202018	87.0	61º F, Sunny and Clear			Humans	Calm		1	11	25.0
38G	AM	10182018	114.0	45º F, Sunny			Humans, Dogs	Busy		1	0	20.0
38H	PM	10122018	64.0	61º F, breeze, blue sky	Abundant		Humans, Birds	Calm		1	1	30.0
38H	AM	10192018	114.0	46º F, Sunny	Some		Humans, Hawks, Dogs	Calm		1	1	22.0
38I	AM	10192018	37.0	45º F, Sunny, Breezy			Humans, So many Birds!	Calm		1	2	20.0
38I	PM	10142018	100.0	57º F, overcast	Some		Humans, Dogs, Rats, Chipmunks	Busy		1	4	25.0
39A	PM	10142018	238.0	57º F, overcast	Some		Humans, Dogs	Busy		1	3	23.0
39A	AM	10132018	252.0	50º F, light rain			Humans	Calm		1	1	20.0
42D	AM	10142018	215.0	50º F, mostly sunny	Some		Humans, Dogs, Pigeons	Busy		1	3	25.0
39B	PM	10142018	183.0	57º F, Cloudy			Humans, Hawks, Dogs, Chipmunks, Blue jays	Calm, Busy	Calm in woods, busy, music nearby w/ tambourines, chanting, just outside so. edge of hectare	1	6	20.0
39B	AM	10182018	262.0	45º F, Clear, Brisk			Humans, Dogs	Busy		1	1	26.0
39C	AM	10172018	120.0	50º F, clear, sunny			Humans, Dogs	Busy		1	4	30.0
39C	PM	10062018	196.0	64º F, Cloudy & Misty			Hawks, Chipmunk	Moderate		1	4	20.0
39D	PM	10122018	22.0	61º F, clear sky, windy	Some		Humans, Chipmunk, Warbler	Calm		1	4	32.0
39D	AM	10082018	224.0	67º F, cloudy, drizzling	Some		Humans	Calm		1	6	33.0
39E	PM	10132018	3.0	59º F, sunny, slightly cloudy	Abundant		Humans, Dogs, Birds, Chipmunks	Calm		1	2	26.0
39E	AM	10182018	120.0	45º F, Clear, Brisk	Some		Humans, Dogs, Birds	Busy		1	5	28.0
39F	AM	10142018	17.0	51º F, mostly sunny			Humans, Dogs, Chipmunks	Calm, Busy	"""no woods"""	1	5	25.0
39F	PM	10062018	34.0	65º F, misty, overcast			Humans, Dogs	Calm		1	4	21.0
39G	AM	10182018	244.0	45º F, Windy, Clear Skies	Some		Humans, Song birds	Calm		1	2	24.0
39H	PM	10132018	236.0	55° F, mostly cloudy			Humans, Hawks, Dogs	Busy		1	3	25.0
39H	AM	10072018	259.0				Humans, Dogs	Busy		1	4	
39I	AM	10192018	37.0	45º F, Sunny, Breezy			Humans, Hawks, Dogs	Calm		1	0	25.0
40A	PM	10142018	99.0	57º F, overcast			Humans			1	6	
40A	AM	10102018	105.0	72º F, Absolute perfection	Some		Robins?	Moderate	Noise pollution	1	4	25.0
40B	AM	10192018	253.0	47º F, Sunny, Breezy	Some		Humans, Dogs	Calm		1	9	40.0
40C	AM	10172018	135.0	50º F, clear, sunny			Humans, Chipmunk, migratory birds	Calm		1	7	23.0
40D	AM	10132018	40.0	50º F, light rain	Abundant		Humans (a trail runner)	Calm		1	7	20.0
40D	PM	10132018	210.0	56º F, Partly Cloudy	Abundant		Humans, Dogs, Chipmunk	Calm		1	7	27.0
40E	AM	10142018	215.0	50º F, mostly sunny	Some		Humans, Hawks, Dogs	Busy		1	4	25.0
40F	AM	10182018	84.0	45º F, Clear, Sunny			Humans, Dogs, Ducks, Mainly female mallards, Canadian geese, also Small birds Sparrows?	Calm		1	0	27.0
40F	PM	10062018	172.0	~65º F, cloudy misting	Some		Dogs	Calm		1	3	28.0
40G	AM	10072018	54.0	70º F, Overcast			Humans, Dogs, Finches	Calm		1	2	
40H	PM	10082018	49.0	overcast, dusk			Humans, Dogs, Woodpecker, Chipmunk	Calm		1	0	25.0
40H	AM	10172018	104.0	52º F, breezy, sunny			Humans, Dogs, Geese	Calm		1	2	20.0
40I	AM	10182018	27.0	45º F, Clear			Humans, Hawks, Ducks	Busy		1	2	20.0
41A	PM	10072018	30.0	81º F, Partly Cloudy	Some		Humans, Dogs, Pigeons, Chipmunks	Busy		1	6	25.0
41A	AM	10132018	40.0	50º F, light rain	Abundant		Humans, Dogs, Birds, Chipmunks	Calm		1	1	20.0
41B	PM	10142018	111.0	57º F, overcast	Some		Dogs, Chipmunks (at least 3)	Calm		1	5	45.0
41C	PM	10072018	30.0	81º F, Partly Cloudy			Humans, Birds. Chipmunks			1	4	25.0
41C	AM	10172018	120.0	50º F, clear, sunny	Abundant		Humans, Dogs, Birds	Calm		1	7	30.0
41D	PM	10142018	26.0	57º F, cloudy	Some		Humans, Hawks, Dogs, Chipmunk	Calm		1	5	30.0
41D	AM	10142018	176.0	50º F, mostly sunny	Some		Humans, Dogs	Calm		1	5	
41E	AM	10072018	114.0	71º F, o/c	Some		Humans, Dogs	Busy	Runners	1	6	25.0
41F	PM	10192018	114.0	60º F, p/c bluh			Humans			1	2	
41F	AM	10192018	183.0	45º F, Sunny, Breezy			Humans, Dogs, Geese, Mallard Nests	Calm, Busy	Started busy, then very calm	1	0	21.0
41G	PM	10142018	10.0	57º F, overcast	Some		Humans, Ducks, Birds	Calm		1	0	20.0
41G	AM	10132018	114.0	50º F, sprinkling	Some		Humans, Dogs	Calm		1	2	20.0
41H	PM	10082018	49.0	cool, overcast			Humans, Dogs, Pigeons, Turtles, Ducks, Geese			1	0	15.0
41H	AM	10172018	104.0	51º F, sunny, light breeze	Some		Humans, Dogs, Geese	Calm		1	0	30.0
41I	AM	10182018	27.0	45º F, Clear			Humans, Dogs, Pigeons	Busy		1	2	20.0
41I	PM	10172018	114.0	63º F, partly cloudy, breezy	Some		Humans, Dogs, Pigeons, Geese, Ducks	Busy		1	1	22.0
42A	PM	10142018	12.0	57º F, mostly cloudy	Some		Humans, Dogs, Sparrows	Busy	He took a 20-minute lunch break in the middle of shift.	1	1	28.0
42A	AM	10192018	253.0	45º F, Sunny Breezy	Some		Humans, Dogs, Pigeons, Rat, Chipmunk	Calm		1	1	30.0
42B	PM	10082018	134.0	64º F, cloudy, slight drizzle, humid	Some		Humans, Dogs	Busy		1	0	25.0
42C	AM	10072018	114.0	71º F			Humans, Dogs	Busy		1	4	27.0
42C	PM	10132018	128.0	55° F, mostly cloudy	Some		Humans, Dogs, Chipmunk	Busy		1	6	26.0
42D	PM	10132018	3.0	55º F, cloudy (mostly)	Abundant	On street	Humans, Dogs, Birds, Chipmunks, Rats	Calm		1	4	28.0
19H	PM	10082018	164165.0	cloudy				Calm		2	1	5.0
42E	PM	10122018	22.0	61º F, clear sky, windy	Some		Humans, Dogs, Pigeons	Busy		1	6	20.0
42E	AM	10082018	224.0	65º F, cloudy, drizzling	Abundant		Humans	Busy	Construction just outside sector	1	0	21.0
42F	AM	10192018	194.0	66º F, Calm and some Breeze	Abundant		Humans, Dogs, Geese	Busy		1	2	20.0
42G	AM	10182018	244.0	45º F, Breezy, Clear Skies			Humans, Dogs, Pigeons, other Song birds	Calm		1	3	25.0
42H	PM	10142018	39.0	57º F, overcast	Some		Humans, Dogs, Pigeons	Busy		1	5	30.0
42H	AM	10192018	194.0	66º F, Calm, Sunny	Some		Humans, Dogs, Birds	Calm		1	2	25.0
42I	PM	10142018	79.0	57º F, cloudy			Humans, Dogs, Pigeons, Sparrows	Calm		1	3	25.0
42I	AM	10192018	183.0	45º F, Sunny, Breezy			Humans, Dogs, Geese (a few)	Calm		1	0	20.0
9I	AM	10142018	145.0	54º F, mostly sunny	Some		Humans, Dogs, Pigeons, Small birds	Busy		1	9	22.0
01C	AM	10122018	225226.0	cool, sunny	Some		Humans, Dogs, Cats	Calm		2	2	30.0
01D	PM	10072018	3334.0	80º F, Cloudy			Humans, Dogs, Pigeons, Sparrows			2	7	25.0
01E	PM	10072018	3334.0	80º F, Sunny			Humans, Dogs, Pigeons,  Robins. Blue jays	Busy		2	3	20.0
01I	PM	10122018	225226.0	cold, sunny	Some		Humans, Hawks, Dogs, Pigeons, Cats	Busy		2	4	70.0
02B	PM	10132018	245246.0	54° F, Sunny, Breezy			Humans, Dogs, Pigeons, Robins, Sparrows	Calm, Busy	West Drive Busy	2	9	22.0
02B	AM	10102018	6263.0	70º F Partly cloudy	Some		Humans, Dogs, Pigeons	Busy		2	8	25.0
02C	PM	10132018	245246.0	54° F, Sunny, Breezy			Humans, Robins, Sparrows	Calm, Busy	Fenced Areas / West Drive	2	12	24.0
02F	PM	10142018	9798.0	57º F, cloudy			Humans, Dogs, Pigeons, Chickadees	Busy		2	12	23.0
03A	AM	10122018	225226.0	sunny, cool			Humans (Notes), Dogs, Cats	Calm		2	3	45.0
03B	AM	10102018	6263.0	70º F Cloudy	Some		Humans, Dogs	Busy		2	10	30.0
03F	PM	10132018	3031.0	13° C, Partly Cloudy			Humans, Dogs, Birds	Busy		2	7	20.0
03H	PM	10142018	9798.0	57º F, cloudy	Some		Humans, Dogs, Pigeons, Chickadees	Busy		2	7	25.0
04C	AM	10062018	73.0	65º F, cloudy			Humans, Dogs	Calm		2	5	20.0
04F	PM	10132018	3031.0	13° C, Partly Cloudy			Humans, Dogs, Birds, Rats (Fat), Inchworm	Busy		2	4	20.0
06E	AM	10142018	146147.0	50º F, mostly sunny	Some		Humans, Dogs, Small birds	Calm		2	1	22.0
07C	PM	10202018	189190.0	62º F, Sunny			Humans, Dogs, Sparrows, Other Birds	Calm		2	6	23.0
07E	PM	10132018	112113.0	56° F, Cloudy, Light Wind			Humans, Dogs, Sparrows	Busy		2	5	39.0
07H	AM	10062018	5051.0	60s, cloudy, slight drizzle	Some		Sparrows, Butterflies	Busy		2	16	30.0
08C	PM	10132018	197198.0	54° F, Bit Breezy, Cool	Some		Humans, Dogs, Pigeons	Calm		2	8	22.0
09B	PM	10132018	197198.0	54° F, Breeze, Cool			Humans, Dogs, Rats (Notes)	Calm		2	10	22.0
09H	AM	10062018	2526.0	64º F, cloudy	Some		Humans, Dogs	Busy		2	6	20.0
10B	AM	10062018	7172.0		Some		Humans, Dogs, Pigeons	Busy		2	4	35.0
10C	PM	10132018	112113.0	56° F, Cloudy	Some		Humans, Dogs, Sparrow, Starlings, Cardinals, Crows	Busy		2	4	27.0
10G	AM	10062018	136137.0	64º F, overcast	Some		Humans, Dogs, Sparrows	Busy		2	11	58.0
10H	AM	10142018	146147.0	50º F, cloudy			Humans, Dogs, Small birds	Busy		2	6	23.0
11D	PM	10062018	2829.0	65º F			Humans, Dogs, Horses	Busy		2	5	25.0
11H	PM	10132018	129130.0	55º F, sunny	Abundant		Humans	Busy		2	4	20.0
11I	PM	10122018	4243.0	58-60º F, sunny			Humans, Dogs, Birds, Mice	Calm		2	7	23.0
14G	PM	10132018	129130.0	55º F, sunny	Abundant		Humans	Busy		2	1	20.0
15A	AM	10072018	2021.0	71º F, Humid. Cloudy.	Some		Humans, Dogs, Sparrows. Butterflies	Busy		2	2	20.0
15D	AM	10072018	2021.0	71º F, humid cloudy	Some		Humans, Dogs	Calm		2	8	
15I	PM	10122018	4243.0	58-60º F, sunny	Some		Humans, Dogs, Birds	Busy		2	7	25.0
16H	PM	10142018	5253.0	cool, dusk	Some		Humans, Dogs, Birds	Calm, Busy		2	5	25.0
16I	PM	10142018	5253.0	cool, dusk	Some		Humans, Dogs, Birds	Calm		2	0	20.0
17C	AM	10182018	213214.0	Low 40s, Windy, Sunny			Dogs, Birds	Calm		2	0	25.0
18D	AM	10182018	213214.0	Low 40s, Windy, Sunny	Some		Humans	Busy		2	4	25.0
18F	PM	10082018	164165.0	cloudy, misting rain			Humans, Dogs, Mallard, Sparrow	Busy		2	2	16.0
18F	AM	10142018	8990.0	49º F			Humans, Dogs, Birds	Busy		2	2	24.0
18G	AM	10142018	8990.0	49º F, sunny			Birds	Calm		2	3	25.0
19B	PM	10182018	9192.0	51º F, Clear			Humans, Dogs, Birds, Robins, Mourning Doves	Busy		2	5	30.0
19C	PM	10182018	207208.0	51º F, Clear			Humans, Hawks, Dogs, Pigeons, Robin	Busy		2	8	30.0
20E	PM	10062018	8586.0	65º F, light drizzle			Humans	Calm		2	0	15.0
21A	AM	10192018	213214.0	Clear, Calm, No wind	Some		Humans, Dogs, Birds	Calm		2	9	25.0
21A	PM	10062018	8586.0	65º F, Drizzle	Abundant		Humans, Dogs	Busy		2	0	27.0
21B	AM	10192018	213214.0	Mid 40s, Clear, No Wind	Some		Humans, Dogs, Pigeons, Birds	Calm		2	7	25.0
21C	PM	10062018	1415.0	65º F, Slightly Drizzling	Some		Humans	Busy		2	1	25.0
21D	AM	10082018	156157.0	70º F, cloudy, misty			Humans, Dogs, Birds	Busy		2	6	20.0
22A	AM	10082018	156157.0	70º F, cloudy	Some		Dogs, Birds	Busy		2	6	20.0
22C	PM	10062018	1415.0	65º F, Drizzling			Humans, Dogs	Busy		2	13	30.0
22F	AM	10072018	5859.0	72º F, Foggy	Some		Humans, Dogs, Sparrow	Moderate	In between	2	7	20.0
22I	AM	10072018	5859.0	72º F, Foggy	Some		Humans, Dogs, Starlings, Sparrows, Blue jays	Busy		2	3	20.0
23A	PM	10072018	192193.0		Some		Humans, Dogs	Busy		2	0	20.0
23D	PM	10072018	192193.0		Some		Humans, Rats (by reservoir)	Busy		2	0	20.0
23G	PM	10122018	3032.0	artsy lighting, breezy	Some		Humans	Calm		2	0	20.0
24A	PM	10072018	3132.0	80º F, Humid. Overcast. No rain.			Humans, Dogs, Little Birds	Moderate	In between calm and busy	2	5	23.0
24I	PM	10072018	45.0	Humid. Overcast.			Humans, Dogs, Birds	Calm		2	0	30.0
25A	PM	10072018	3132.0	79º F, Humid. Overcast. No rain.			Humans, Dogs, Raccoons, Little Birds, Raccoon sleeping in tree	Calm, Busy	Calm on grass. Busy on road.	2	1	21.0
27B	PM	10062018	155.0	Misty, rain, cool			Pigeons, Robins	Calm		2	2	20.0
27I	PM	10202018	3334.0	60º F, Sunny	Some		Humans, Dogs, Pigeons	Busy		2	5	20.0
30H	PM	10062018	159160.0	Raining			Ducks			2	1	11.0
30I	PM	10062018	159160.0							2	7	23.0
32D	AM	10132018	187188.0	48º F, sprinkling			Humans, Dogs	Busy		2	6	20.0
33A	AM	10082018	139140.0	65º F, drizzle						2	1	30.0
34B	AM	10132018	187188.0	50º F, light rain			Humans	Busy		2	3	23.0
34D	AM	10082018	139140.0	65º F, drizzle	Some		Humans	Calm		2	3	25.0
37A	PM	10132018	250251.0	55º F, mostly cloudy	Abundant		Humans, Dogs, Chipmunk, Sparrow	Calm		2	2	20.0
37G	AM	10142018	139140.0	50º F, mostly sunny			Humans, Dogs	Calm		2	6	27.0
39G	PM	10132018	6768.0	Sunny, cloudy, chilly, damp, slightly warm	Some		Humans, Sleeping possum, Chipmunk, Blue jay	Calm		2	7	24.0
39I	PM	10132018	174175.0	53º F, mostly cloudy			Humans, Dogs, Pigeons, Blue jays, American Robin, Chipmunk	Busy		2	4	23.0
40B	PM	10142018	152153.0	57º F, cloudy			Humans, Hawks, Chipmunks	Calm		2	8	35.0
40C	PM	10062018	174175.0	Overcast lite rain			Humans, Dogs, Chimney Swifts, Birds, Chipmunk	Calm		2	8	25.0
40E	PM	10172018	139140.0	63º F, Partly Cloudy						2	3	
40G	PM	10132018	174175.0	55º F, partly cloudy			Humans, Pigeons, Chipmunk	Calm		2	6	22.0
40I	PM	10132018	6768.0	55º F, partly cloudy, chilly, breezy, some sun	Some		Humans, Hawks, Dogs, Pigeons, Duck	Busy		2	1	25.0
41B	AM	10102018	74.0	Humid	Some			Calm		2	11	32.0
41E	PM	10132018	250251.0	55º F, partly cloudy	Some		Humans, Dogs, Chipmunk, Sparrows	Calm, Busy	Calm (in forest), Busy (near road)	2	5	21.0
42B	AM	10142018	176.0				Humans, Dogs	Calm		2	2	
42F	PM	10172018	139140.0	62º F, Partly Sunny/Cloudy			Mallards, Canadian Geese			2	4	
42G	PM	10142018	3839.0	overcast	Some		Humans, Hawks, Dogs, Pigeons, Geese	Busy		2	3	25.0
04G	AM	10062018	142143144.0	65º F, cloudy, sprinkling of rain			Humans, Dogs, Horses	Busy		3	5	24.0
06G	AM	10082018	48.0	68º F, humid			Humans, Dogs	Calm		3	6	20.0
07F	AM	10082018	48.0	68º F, chilly, humid	Some		Humans, Dogs	Calm		3	17	22.0
08A	AM	10132018	179180181.0	55º F, rainy	Some		Pigeons	Calm		3	6	20.0
08B	AM	10072018	227.0	70º F, Muggy			Humans, Dogs, Pigeons, Doves. Grackle Birds	Busy		3	9	25.0
09A	AM	10132018	179180181.0		Some		Humans, Dogs, Pigeons, Rats, Blue jays	Busy		3	12	20.0
11F	PM	10062018	168.0		Some		Humans, Dogs, Pigeons	Busy		3	3	26.0
12G	PM	10072018	106.107108	80º F			Humans, Cat bird	Busy		3	7	29.0
12H	PM	10072018	106.107108	79º F			Humans, Sparrows	Busy		3	8	30.0
26A	PM	10062018	185.0				Horse, Pony			3	6	30.0
